File,Check,Flagged
scripts/ML/03_ML_run_primary_nested_cv.py,foldwise_score_z_normalization,False
scripts/ML/03_ML_run_primary_nested_cv.py,global_protein_complete_case_filter,False
scripts/ML/03_ML_run_primary_nested_cv.py,prefit_scaler_before_model_search,False
scripts/ML/03_ML_run_primary_nested_cv.py,historical_logistic_regression_cv,False
scripts/ML/03_ML_run_primary_nested_cv.py,personal_windows_path,False
scripts/ML/03_ML_run_primary_nested_cv.py,automatic_package_install,False
scripts/ML/06_ML_run_ptau_nested_cv.py,foldwise_score_z_normalization,False
scripts/ML/06_ML_run_ptau_nested_cv.py,global_protein_complete_case_filter,False
scripts/ML/06_ML_run_ptau_nested_cv.py,prefit_scaler_before_model_search,False
scripts/ML/06_ML_run_ptau_nested_cv.py,historical_logistic_regression_cv,False
scripts/ML/06_ML_run_ptau_nested_cv.py,personal_windows_path,False
scripts/ML/06_ML_run_ptau_nested_cv.py,automatic_package_install,False
scripts/ML/09_ML_run_apoe_nested_cv.py,foldwise_score_z_normalization,False
scripts/ML/09_ML_run_apoe_nested_cv.py,global_protein_complete_case_filter,False
scripts/ML/09_ML_run_apoe_nested_cv.py,prefit_scaler_before_model_search,False
scripts/ML/09_ML_run_apoe_nested_cv.py,historical_logistic_regression_cv,False
scripts/ML/09_ML_run_apoe_nested_cv.py,personal_windows_path,False
scripts/ML/09_ML_run_apoe_nested_cv.py,automatic_package_install,False
scripts/ML/12_ML_run_loco.py,foldwise_score_z_normalization,False
scripts/ML/12_ML_run_loco.py,global_protein_complete_case_filter,False
scripts/ML/12_ML_run_loco.py,prefit_scaler_before_model_search,False
scripts/ML/12_ML_run_loco.py,historical_logistic_regression_cv,False
scripts/ML/12_ML_run_loco.py,personal_windows_path,False
scripts/ML/12_ML_run_loco.py,automatic_package_install,False
scripts/ML/13_ML_evaluate_fixed_panel_ptau.py,foldwise_score_z_normalization,False
scripts/ML/13_ML_evaluate_fixed_panel_ptau.py,global_protein_complete_case_filter,False
scripts/ML/13_ML_evaluate_fixed_panel_ptau.py,prefit_scaler_before_model_search,False
scripts/ML/13_ML_evaluate_fixed_panel_ptau.py,historical_logistic_regression_cv,False
scripts/ML/13_ML_evaluate_fixed_panel_ptau.py,personal_windows_path,False
scripts/ML/13_ML_evaluate_fixed_panel_ptau.py,automatic_package_install,False
scripts/ML/16_ML_run_matched_analysis.py,foldwise_score_z_normalization,False
scripts/ML/16_ML_run_matched_analysis.py,global_protein_complete_case_filter,False
scripts/ML/16_ML_run_matched_analysis.py,prefit_scaler_before_model_search,False
scripts/ML/16_ML_run_matched_analysis.py,historical_logistic_regression_cv,False
scripts/ML/16_ML_run_matched_analysis.py,personal_windows_path,False
scripts/ML/16_ML_run_matched_analysis.py,automatic_package_install,False
python/redlat_ml/strict_cv.py,foldwise_score_z_normalization,False
python/redlat_ml/strict_cv.py,global_protein_complete_case_filter,False
python/redlat_ml/strict_cv.py,prefit_scaler_before_model_search,False
python/redlat_ml/strict_cv.py,historical_logistic_regression_cv,False
python/redlat_ml/strict_cv.py,personal_windows_path,False
python/redlat_ml/strict_cv.py,automatic_package_install,False
strict_cv.py,imputer_inside_pipeline,False
strict_cv.py,scaler_inside_pipeline,False
strict_cv.py,calibration_inside_training_CV,False
strict_cv.py,outer_test_permutation_importance,False
